CREATE TABLE owner (
    id INT AUTO_INCREMENT PRIMARY KEY,
    name VARCHAR(255) NOT NULL,
    email VARCHAR(255) NOT NULL,
    image VARCHAR(255),
    bio TEXT,
    phone VARCHAR(15),
    last_updated TIMESTAMP DEFAULT CURRENT_TIMESTAMP
);


CREATE TABLE contact (
    id INT AUTO_INCREMENT PRIMARY KEY,
    email VARCHAR(255) NOT NULL,
    image VARCHAR(255),
    name VARCHAR(255) NOT NULL,
    bio TEXT,
    phone VARCHAR(15),
    last_updated TIMESTAMP DEFAULT CURRENT_TIMESTAMP,
    owner_id INT,
    FOREIGN KEY (owner_id) REFERENCES owner(id) ON DELETE CASCADE
);


CREATE TABLE message (
    id INT AUTO_INCREMENT PRIMARY KEY,
    message TEXT NOT NULL,
    message_type VARCHAR(50),
    message_code VARCHAR(50),
    message_text VARCHAR(1000),
    last_updated TIMESTAMP DEFAULT CURRENT_TIMESTAMP,
    owner_id INT,
    FOREIGN KEY (owner_id) REFERENCES owner(id) ON DELETE CASCADE
);


INSERT INTO owner (id, name, email, image, bio, phone, last_updated) VALUES
(1, '7dwy3f86', '4i6418@example.com', 'imgdhbiq.jpg', 'Bio of owner 1', '555-1308', '2024-08-03 06:13:06'),
(2, 'mg2bd7u4', 'o2ongk@example.com', 'img4jgpp.jpg', 'Bio of owner 2', '555-3890', '2024-11-08 06:13:06'),
(3, 'q26oa3j0', 'mxkf5z@example.com', 'imgjlo5i.jpg', 'Bio of owner 3', '555-8121', '2024-10-18 06:13:06'),
(4, 'rjjoru3d', 'equ7ax@example.com', 'imgjo9gb.jpg', 'Bio of owner 4', '555-3770', '2024-11-22 06:13:06'),
(5, 'ybpaa26n', 'hkvwyl@example.com', 'imgq4qu7.jpg', 'Bio of owner 5', '555-2814', '2024-04-27 06:13:06'),
(6, 'iie9lcsj', 'i4pftz@example.com', 'img3cz07.jpg', 'Bio of owner 6', '555-5245', '2024-11-23 06:13:06'),
(7, '2b78v9dj', 'khex5w@example.com', 'imgxe299.jpg', 'Bio of owner 7', '555-5130', '2024-07-07 06:13:06'),
(8, '78nc4egr', 'zq8oa2@example.com', 'imgwhkr0.jpg', 'Bio of owner 8', '555-7958', '2024-10-17 06:13:06'),
(9, 'jglr7ddo', '8hgc3j@example.com', 'imgfsy8p.jpg', 'Bio of owner 9', '555-7556', '2024-08-05 06:13:06'),
(10, 'l694v0r0', 'x5agkr@example.com', 'imgyouly.jpg', 'Bio of owner 10', '555-3734', '2024-11-18 06:13:06'),
(11, 'cpn8xyz6', 'q7ql6l@example.com', 'imgjuv6j.jpg', 'Bio of owner 11', '555-9449', '2024-12-29 06:13:06'),
(12, '2kow9ref', '15pksd@example.com', 'img03l8i.jpg', 'Bio of owner 12', '555-2280', '2024-08-14 06:13:06'),
(13, '3kiwh0df', 'ioqw0q@example.com', 'imgyk21w.jpg', 'Bio of owner 13', '555-5722', '2024-08-17 06:13:06'),
(14, 'xcpuwuan', '5l3n6p@example.com', 'img9t6j8.jpg', 'Bio of owner 14', '555-5847', '2024-10-20 06:13:06'),
(15, 'iuas2br5', 'gteayk@example.com', 'imgm71xp.jpg', 'Bio of owner 15', '555-9769', '2025-01-13 06:13:06'),
(16, 'qzzrns5t', '577emk@example.com', 'imgyt52a.jpg', 'Bio of owner 16', '555-8351', '2024-11-05 06:13:06'),
(17, 'a0f2z8vn', 'fcvk2t@example.com', 'img2zdhn.jpg', 'Bio of owner 17', '555-1348', '2024-10-26 06:13:06'),
(18, 'ejtl793d', 'xx6336@example.com', 'imgj2mwn.jpg', 'Bio of owner 18', '555-3126', '2024-10-06 06:13:06'),
(19, 'h14yrgty', 'u38spm@example.com', 'imgo1d4b.jpg', 'Bio of owner 19', '555-3532', '2024-08-13 06:13:06'),
(20, 'x4tj5dyn', 'ltdd64@example.com', 'imgj45yw.jpg', 'Bio of owner 20', '555-2598', '2024-12-13 06:13:06'),
(21, 'jam5x4o6', 'bxb3wh@example.com', 'imgf2um2.jpg', 'Bio of owner 21', '555-5845', '2025-02-02 06:13:06'),
(22, 'jvfq4t43', 'osn167@example.com', 'imgfktcr.jpg', 'Bio of owner 22', '555-5930', '2024-10-27 06:13:06'),
(23, 'sv5roytl', 'j4dhu0@example.com', 'imggiplc.jpg', 'Bio of owner 23', '555-4182', '2025-02-28 06:13:06'),
(24, 'x6yv7jnd', '33z1v1@example.com', 'img9nl3n.jpg', 'Bio of owner 24', '555-6594', '2024-05-10 06:13:06'),
(25, 'lnpia4zy', 'oau1r3@example.com', 'img94ak3.jpg', 'Bio of owner 25', '555-9712', '2024-04-29 06:13:06'),
(26, 'qeflzldv', '2abahl@example.com', 'imgpbcjo.jpg', 'Bio of owner 26', '555-2168', '2025-02-03 06:13:06'),
(27, 'x3i871h1', 'x5uzlc@example.com', 'imgix2uv.jpg', 'Bio of owner 27', '555-9914', '2024-05-23 06:13:06'),
(28, 'xvcemzz3', '0d33k4@example.com', 'imgvgygt.jpg', 'Bio of owner 28', '555-5779', '2025-04-01 06:13:06'),
(29, 'g1onvmsk', '2dmz4n@example.com', 'imglr07r.jpg', 'Bio of owner 29', '555-1144', '2024-04-28 06:13:06'),
(30, 'sp1d32d0', '6qupdp@example.com', 'imgir5zt.jpg', 'Bio of owner 30', '555-2684', '2024-11-26 06:13:06'),
(31, 'hqkyaef8', '89zbqd@example.com', 'imggs120.jpg', 'Bio of owner 31', '555-5190', '2024-09-14 06:13:06'),
(32, 'uhogkfhg', '5f514w@example.com', 'imgkepls.jpg', 'Bio of owner 32', '555-3010', '2024-09-16 06:13:06'),
(33, '3ccc7n2p', '0vtush@example.com', 'imgtube1.jpg', 'Bio of owner 33', '555-7660', '2024-09-24 06:13:06'),
(34, '62j3onug', 'wzwcg0@example.com', 'imgyy1od.jpg', 'Bio of owner 34', '555-9180', '2024-09-02 06:13:06'),
(35, 'vbkgyhug', 'rlccaq@example.com', 'img8np3m.jpg', 'Bio of owner 35', '555-1181', '2024-07-22 06:13:06'),
(36, '4bea78fn', 'vkwd8j@example.com', 'imgifu9w.jpg', 'Bio of owner 36', '555-6477', '2024-12-23 06:13:06'),
(37, 'c9cyolwh', 'yl5a9r@example.com', 'imgul859.jpg', 'Bio of owner 37', '555-4755', '2024-05-27 06:13:06'),
(38, 'tfygx1o2', 'fl2610@example.com', 'imgqjhsf.jpg', 'Bio of owner 38', '555-4976', '2024-07-21 06:13:06'),
(39, 'p5v5ifis', '0i3p7f@example.com', 'imgnshi2.jpg', 'Bio of owner 39', '555-1964', '2025-03-20 06:13:06'),
(40, 'x7lim7km', 'any1pg@example.com', 'imghuxpj.jpg', 'Bio of owner 40', '555-6849', '2024-09-06 06:13:06'),
(41, '3hwf531i', 'g6n9b0@example.com', 'imgb6bh7.jpg', 'Bio of owner 41', '555-8690', '2025-01-13 06:13:06'),
(42, 'm48j6riz', 'xbezt4@example.com', 'imgykc35.jpg', 'Bio of owner 42', '555-5420', '2025-03-24 06:13:06'),
(43, 'zlwi1cs1', 'uz633x@example.com', 'imgtfp6f.jpg', 'Bio of owner 43', '555-5625', '2024-05-25 06:13:06'),
(44, '7gsbz53z', 'r2fab8@example.com', 'img70z83.jpg', 'Bio of owner 44', '555-3684', '2024-10-09 06:13:06'),
(45, 'jkjrivlf', 'kxxwbv@example.com', 'imgwwe2m.jpg', 'Bio of owner 45', '555-7193', '2025-04-01 06:13:06'),
(46, 'ya1n4zr6', '07ojf0@example.com', 'imgzvbwn.jpg', 'Bio of owner 46', '555-5802', '2024-09-09 06:13:06'),
(47, 'jgb65ygh', 'f7jt24@example.com', 'imgfcq0c.jpg', 'Bio of owner 47', '555-4779', '2024-05-23 06:13:06'),
(48, 'bdy5gncu', 'lforig@example.com', 'imgxdl97.jpg', 'Bio of owner 48', '555-2968', '2024-07-02 06:13:06'),
(49, 'k0us6hgc', 'vukroh@example.com', 'imgk1h3i.jpg', 'Bio of owner 49', '555-5546', '2024-12-10 06:13:06'),
(50, 'hg34od2t', 'qfrs2j@example.com', 'imgzp1uu.jpg', 'Bio of owner 50', '555-1875', '2024-05-19 06:13:06');

INSERT INTO contact (id, email, image, name, bio, phone, last_updated, owner_id) VALUES
(1, 'xafctn@contact.com', 'imgy85yy.jpg', '0gtizkqq', 'Bio of contact 1', '555-9976', '2025-04-11 06:13:06', 1),
(2, 'gv3f0n@contact.com', 'imgesqsc.jpg', 'dm2x0xzv', 'Bio of contact 2', '555-4618', '2024-07-07 06:13:06', 1),
(3, '0ddwwy@contact.com', 'img619lk.jpg', 'kp9jucxx', 'Bio of contact 3', '555-3249', '2024-12-20 06:13:06', 2),
(4, 'jgbdve@contact.com', 'imgisrcd.jpg', '5vpqeprr', 'Bio of contact 4', '555-6047', '2024-06-04 06:13:06', 2),
(5, '3swrv4@contact.com', 'imgxdv00.jpg', '1ozmvf84', 'Bio of contact 5', '555-6031', '2025-03-14 06:13:06', 3),
(6, 'rvulw4@contact.com', 'imgxuq7w.jpg', 'esbrmnl3', 'Bio of contact 6', '555-8074', '2025-02-21 06:13:06', 3),
(7, 'ssob42@contact.com', 'imgatmrr.jpg', 'hpgftjed', 'Bio of contact 7', '555-1831', '2024-12-23 06:13:06', 4),
(8, 'scpb8s@contact.com', 'imgegk2z.jpg', 'eakm3nbu', 'Bio of contact 8', '555-2302', '2024-06-29 06:13:06', 4),
(9, '4vcqch@contact.com', 'imgfpyaa.jpg', 'u0y0d9m4', 'Bio of contact 9', '555-7647', '2025-01-09 06:13:06', 5),
(10, 'ctdwcr@contact.com', 'imgej8a2.jpg', 'ggvuycob', 'Bio of contact 10', '555-6127', '2025-02-08 06:13:06', 5),
(11, 'arlnuc@contact.com', 'imgd9lq3.jpg', 'mws4jq5v', 'Bio of contact 11', '555-8433', '2025-02-02 06:13:06', 6),
(12, 'ipswke@contact.com', 'img3d303.jpg', '9ugp94lu', 'Bio of contact 12', '555-3162', '2024-05-28 06:13:06', 6),
(13, 'swvs7l@contact.com', 'imgyvpbc.jpg', 'aw67h9vj', 'Bio of contact 13', '555-2625', '2025-02-17 06:13:06', 7),
(14, 'awfddp@contact.com', 'imgy2vc4.jpg', 'vrvkx8mq', 'Bio of contact 14', '555-2118', '2025-02-20 06:13:06', 7),
(15, 'dbyu05@contact.com', 'img3ie1v.jpg', 'xm2k803v', 'Bio of contact 15', '555-4109', '2024-06-28 06:13:06', 8),
(16, '79mgt1@contact.com', 'imgi680c.jpg', 'uhoxz783', 'Bio of contact 16', '555-2080', '2024-10-21 06:13:06', 8),
(17, '6367pk@contact.com', 'imgljo36.jpg', '22e64q6x', 'Bio of contact 17', '555-9074', '2025-03-26 06:13:06', 9),
(18, 'v08i7z@contact.com', 'img3lod8.jpg', 'p3uzozta', 'Bio of contact 18', '555-5883', '2024-08-26 06:13:06', 9),
(19, 'm4foit@contact.com', 'imgavc04.jpg', '9kdf9c9t', 'Bio of contact 19', '555-3659', '2024-06-21 06:13:06', 10),
(20, 'wslvx5@contact.com', 'img35byr.jpg', 'q375bmt1', 'Bio of contact 20', '555-4047', '2024-11-11 06:13:06', 10),
(21, 'q3cn3d@contact.com', 'imgoqkws.jpg', '7g9andye', 'Bio of contact 21', '555-8417', '2025-01-15 06:13:06', 11),
(22, 'm69vt5@contact.com', 'imgcmi8u.jpg', 'qt07su6t', 'Bio of contact 22', '555-6856', '2024-06-12 06:13:06', 11),
(23, '9mjo84@contact.com', 'imgdi2rv.jpg', 'eaqepi1r', 'Bio of contact 23', '555-4307', '2024-07-01 06:13:06', 12),
(24, '9atpkg@contact.com', 'img3ma1o.jpg', '4w695lx0', 'Bio of contact 24', '555-8668', '2025-03-02 06:13:06', 12),
(25, 'guzx1m@contact.com', 'imgn21nh.jpg', 'r05n2lug', 'Bio of contact 25', '555-9368', '2024-12-13 06:13:06', 13),
(26, 'xt6p6n@contact.com', 'imgde70x.jpg', 'lye0plaj', 'Bio of contact 26', '555-4879', '2024-08-08 06:13:06', 13),
(27, 'brur0y@contact.com', 'imguu1gi.jpg', 'td2zekm1', 'Bio of contact 27', '555-2312', '2024-07-26 06:13:06', 14),
(28, '9n3xtn@contact.com', 'imgcduu4.jpg', 'uk2brwb5', 'Bio of contact 28', '555-9034', '2024-12-12 06:13:06', 14),
(29, '1h1l6k@contact.com', 'img5eatr.jpg', '1n4bsah7', 'Bio of contact 29', '555-3916', '2025-03-01 06:13:06', 15),
(30, 'g8mqvm@contact.com', 'imgyaczs.jpg', '176gmgcx', 'Bio of contact 30', '555-3293', '2024-07-26 06:13:06', 15),
(31, 'tyh3po@contact.com', 'imgrd8hc.jpg', '7sl6l2qe', 'Bio of contact 31', '555-5669', '2025-01-30 06:13:06', 16),
(32, 'z9q7jd@contact.com', 'img4kgi2.jpg', 'd5st7pgz', 'Bio of contact 32', '555-7473', '2025-04-21 06:13:06', 16),
(33, '3vc57w@contact.com', 'img3gm8j.jpg', 'mvtzw6na', 'Bio of contact 33', '555-1865', '2024-08-17 06:13:06', 17),
(34, '18x847@contact.com', 'imge91fy.jpg', 'tquwzpm1', 'Bio of contact 34', '555-8282', '2025-01-11 06:13:06', 17),
(35, '77slqk@contact.com', 'imgeaz02.jpg', 'qe07gy4c', 'Bio of contact 35', '555-6046', '2025-03-30 06:13:06', 18),
(36, '34qt82@contact.com', 'imguyy85.jpg', 'e0oqusz8', 'Bio of contact 36', '555-9720', '2024-07-31 06:13:06', 18),
(37, 'v6hijr@contact.com', 'imgx239u.jpg', '69x3s30c', 'Bio of contact 37', '555-1149', '2024-06-23 06:13:06', 19),
(38, 'ss41zw@contact.com', 'imgs4btj.jpg', 'iuzgyzp0', 'Bio of contact 38', '555-9079', '2024-10-09 06:13:06', 19),
(39, 'k7q9nn@contact.com', 'img0jj7g.jpg', '3zg60iup', 'Bio of contact 39', '555-3094', '2024-08-07 06:13:06', 20),
(40, 'y8erf9@contact.com', 'imgifbdd.jpg', 'zmn902up', 'Bio of contact 40', '555-1060', '2024-07-31 06:13:06', 20),
(41, 'b0tktg@contact.com', 'imgkvf22.jpg', 'wwg8imwf', 'Bio of contact 41', '555-4569', '2025-01-26 06:13:06', 21),
(42, 'lae8ag@contact.com', 'imgahyvu.jpg', '369gqcug', 'Bio of contact 42', '555-4288', '2025-01-08 06:13:06', 21),
(43, 'oakqzf@contact.com', 'imgubms8.jpg', '5so5crai', 'Bio of contact 43', '555-6255', '2025-01-28 06:13:06', 22),
(44, 'nf1nk7@contact.com', 'img232ph.jpg', '6zymjb29', 'Bio of contact 44', '555-2283', '2024-12-27 06:13:06', 22),
(45, '55n3hy@contact.com', 'imgflr2d.jpg', 'utg0um7m', 'Bio of contact 45', '555-6388', '2024-10-06 06:13:06', 23),
(46, 'wc5axz@contact.com', 'imgos99e.jpg', 'z5q8innq', 'Bio of contact 46', '555-9070', '2025-02-26 06:13:06', 23),
(47, 'hos4ws@contact.com', 'imgsbh0t.jpg', 'syfejcwn', 'Bio of contact 47', '555-6603', '2025-02-28 06:13:06', 24),
(48, 'bw3zjo@contact.com', 'imghaks4.jpg', 'ezqach9s', 'Bio of contact 48', '555-2285', '2024-10-23 06:13:06', 24),
(49, 'k5j5tz@contact.com', 'imgvf22b.jpg', 'hcw5weyy', 'Bio of contact 49', '555-6534', '2024-10-08 06:13:06', 25),
(50, '6jqz77@contact.com', 'imgyq2xs.jpg', 'd96qbr4m', 'Bio of contact 50', '555-9407', '2024-06-12 06:13:06', 25),
(51, 'h3ccum@contact.com', 'imgm8dxe.jpg', '6ltx9jpb', 'Bio of contact 51', '555-2343', '2024-05-23 06:13:06', 26),
(52, 'bx0mqd@contact.com', 'imgocmyp.jpg', 'kkdaqlt6', 'Bio of contact 52', '555-6914', '2024-05-13 06:13:06', 26),
(53, 'j6aeps@contact.com', 'imgqw4gx.jpg', 'zr6qyku0', 'Bio of contact 53', '555-2918', '2025-03-01 06:13:06', 27),
(54, 'rs1kvl@contact.com', 'img54pin.jpg', 'a3mnwg2b', 'Bio of contact 54', '555-8017', '2024-10-30 06:13:06', 27),
(55, 'r8wxm4@contact.com', 'img63h2t.jpg', 'ela774br', 'Bio of contact 55', '555-6305', '2024-11-17 06:13:06', 28),
(56, 'p1oa0k@contact.com', 'imgjvzrz.jpg', '4nnxqcm0', 'Bio of contact 56', '555-6530', '2024-05-02 06:13:06', 28),
(57, 'nx9vig@contact.com', 'imghbko1.jpg', 'pe5e5ten', 'Bio of contact 57', '555-1053', '2024-09-06 06:13:06', 29),
(58, 'fllcxe@contact.com', 'imgivqzz.jpg', '5y6f5nnc', 'Bio of contact 58', '555-4309', '2025-01-12 06:13:06', 29),
(59, '4cqa7y@contact.com', 'imgn68h3.jpg', 'ba44whbv', 'Bio of contact 59', '555-9668', '2024-12-18 06:13:06', 30),
(60, '9qocjo@contact.com', 'imgjiqom.jpg', 'kukxdi0d', 'Bio of contact 60', '555-8362', '2025-02-04 06:13:06', 30),
(61, 'm7k3dz@contact.com', 'imght3rv.jpg', '3f5nvpcr', 'Bio of contact 61', '555-9243', '2024-08-03 06:13:06', 31),
(62, '6pldjz@contact.com', 'img4yaa1.jpg', 'xhhapkg0', 'Bio of contact 62', '555-7732', '2024-12-29 06:13:06', 31),
(63, '6381ig@contact.com', 'imgcecf4.jpg', 'qd01yypl', 'Bio of contact 63', '555-8396', '2025-01-22 06:13:06', 32),
(64, 'sb3tl2@contact.com', 'imgyncs3.jpg', 'h3lmos93', 'Bio of contact 64', '555-7774', '2024-12-04 06:13:06', 32),
(65, 'xe0upx@contact.com', 'imgeh9f7.jpg', 'kmchx93v', 'Bio of contact 65', '555-3476', '2024-10-11 06:13:06', 33),
(66, '02hz3r@contact.com', 'imgtwmab.jpg', 'zworasw9', 'Bio of contact 66', '555-3069', '2024-11-18 06:13:06', 33),
(67, 'm890lr@contact.com', 'img2gc8x.jpg', 'fy59ufxk', 'Bio of contact 67', '555-2506', '2024-08-24 06:13:06', 34),
(68, 'ps22yb@contact.com', 'imgso7mw.jpg', 'sfzw9899', 'Bio of contact 68', '555-1366', '2024-06-08 06:13:06', 34),
(69, 'kfy74c@contact.com', 'imgnm126.jpg', '3oc7krvi', 'Bio of contact 69', '555-1606', '2024-08-03 06:13:06', 35),
(70, 'ysuom2@contact.com', 'imgulyoy.jpg', '0bc3ymmg', 'Bio of contact 70', '555-1584', '2024-10-30 06:13:06', 35),
(71, 'gybqdb@contact.com', 'img0lgee.jpg', 'md65fefx', 'Bio of contact 71', '555-8276', '2025-01-05 06:13:06', 36),
(72, '3cl5av@contact.com', 'img90pl7.jpg', '1alz9tbp', 'Bio of contact 72', '555-6570', '2024-12-17 06:13:06', 36),
(73, 'fhim6r@contact.com', 'img9ohmc.jpg', 'qlbp0wmm', 'Bio of contact 73', '555-3991', '2025-04-19 06:13:06', 37),
(74, 'hrybhf@contact.com', 'img0hj0o.jpg', 'kw0smiud', 'Bio of contact 74', '555-2721', '2024-04-23 06:13:06', 37),
(75, '52t05h@contact.com', 'imgykqb5.jpg', '3at98byt', 'Bio of contact 75', '555-3619', '2025-04-04 06:13:06', 38),
(76, 'rp6n0r@contact.com', 'imgjpdvb.jpg', 'n8z64m1w', 'Bio of contact 76', '555-4020', '2024-07-28 06:13:06', 38),
(77, 'ppl7cz@contact.com', 'imgx9jpp.jpg', 'tohgvp5s', 'Bio of contact 77', '555-6622', '2024-12-25 06:13:06', 39),
(78, 'v318ej@contact.com', 'img5o7es.jpg', '9kvwyeo9', 'Bio of contact 78', '555-1227', '2024-11-29 06:13:06', 39),
(79, '4fwoph@contact.com', 'imgbt5p7.jpg', 'x2dqw99w', 'Bio of contact 79', '555-4080', '2024-11-15 06:13:06', 40),
(80, 'riafgg@contact.com', 'imgpy34k.jpg', 'kdcp3w24', 'Bio of contact 80', '555-4445', '2024-05-03 06:13:06', 40),
(81, '3ncfnm@contact.com', 'imgfvz9d.jpg', 'o5qvkwvj', 'Bio of contact 81', '555-4993', '2024-07-01 06:13:06', 41),
(82, 'ed1fw6@contact.com', 'img79b41.jpg', 'z7oft4xg', 'Bio of contact 82', '555-3398', '2024-05-01 06:13:06', 41),
(83, 'g2pccf@contact.com', 'img572us.jpg', '0l3s1tyd', 'Bio of contact 83', '555-7320', '2024-06-01 06:13:06', 42),
(84, '9geczs@contact.com', 'img3q2cf.jpg', '5w9ey7jo', 'Bio of contact 84', '555-5958', '2024-07-25 06:13:06', 42),
(85, '0nzb57@contact.com', 'img4k4yc.jpg', 'zt05zxib', 'Bio of contact 85', '555-4893', '2024-06-28 06:13:06', 43),
(86, 'l8fehn@contact.com', 'img9yzfg.jpg', 'akh96k47', 'Bio of contact 86', '555-7254', '2025-02-05 06:13:06', 43),
(87, 'c4hy7t@contact.com', 'imgdlt65.jpg', '4dj0p5n9', 'Bio of contact 87', '555-4391', '2024-07-23 06:13:06', 44),
(88, 'k2ktpv@contact.com', 'imgqviul.jpg', 'cf8sozph', 'Bio of contact 88', '555-7287', '2024-07-27 06:13:06', 44),
(89, 'x6mquk@contact.com', 'img6old0.jpg', '048hlu83', 'Bio of contact 89', '555-6730', '2024-08-27 06:13:06', 45),
(90, '2fpimh@contact.com', 'img61cxz.jpg', 'w7v550iv', 'Bio of contact 90', '555-8499', '2024-08-02 06:13:06', 45),
(91, 'i0eqn1@contact.com', 'imgmulbn.jpg', 'ttvyrcjs', 'Bio of contact 91', '555-2358', '2024-12-21 06:13:06', 46),
(92, '5zakj2@contact.com', 'imgkm7ik.jpg', '2tmrf8hm', 'Bio of contact 92', '555-5490', '2024-04-23 06:13:06', 46),
(93, 'dyhdzt@contact.com', 'img1kxx1.jpg', 'khwi2qwb', 'Bio of contact 93', '555-1481', '2024-04-28 06:13:06', 47),
(94, '4ewl6f@contact.com', 'imgts9cl.jpg', '0hppm6hc', 'Bio of contact 94', '555-9276', '2024-09-02 06:13:06', 47),
(95, 'nehx7h@contact.com', 'imgekin6.jpg', 'pi8u2giw', 'Bio of contact 95', '555-6893', '2025-01-08 06:13:06', 48),
(96, 'hun7k9@contact.com', 'imgvdc90.jpg', 'fouye3kj', 'Bio of contact 96', '555-1709', '2024-08-13 06:13:06', 48),
(97, '4rfzah@contact.com', 'imgsxjib.jpg', '0akswzrg', 'Bio of contact 97', '555-3336', '2024-11-08 06:13:06', 49),
(98, '60o1cc@contact.com', 'imgrdbco.jpg', 'ygojydmk', 'Bio of contact 98', '555-2292', '2024-07-08 06:13:06', 49),
(99, 'td4662@contact.com', 'imgr6fqh.jpg', 'j2nfj3ra', 'Bio of contact 99', '555-4024', '2024-06-20 06:13:06', 50),
(100, 'i12487@contact.com', 'imgxs731.jpg', 'sxoif7oe', 'Bio of contact 100', '555-9911', '2024-12-20 06:13:06', 50);

INSERT INTO message (id, message, message_type, message_code, message_text, last_updated, owner_id) VALUES
(1, 'Message content 1', '103yf', 'q5bvp', 'Message text for 1', '2024-10-22 06:13:06', 1),
(2, 'Message content 2', 'wrfdw', '8o9a4', 'Message text for 2', '2024-06-13 06:13:06', 1),
(3, 'Message content 3', '60wk4', 'j6ndi', 'Message text for 3', '2024-08-25 06:13:06', 2),
(4, 'Message content 4', '4nygq', 'mooxm', 'Message text for 4', '2025-01-12 06:13:06', 2),
(5, 'Message content 5', 'eujzf', 'vxzex', 'Message text for 5', '2024-04-24 06:13:06', 3),
(6, 'Message content 6', 'oqx02', 'saou4', 'Message text for 6', '2025-03-05 06:13:06', 3),
(7, 'Message content 7', 'sloln', 'vtw2x', 'Message text for 7', '2024-09-24 06:13:06', 4),
(8, 'Message content 8', 'arypj', '6pnb2', 'Message text for 8', '2024-05-07 06:13:06', 4),
(9, 'Message content 9', 'gudoh', 'hqvy8', 'Message text for 9', '2024-06-11 06:13:06', 5),
(10, 'Message content 10', 'chgw3', 'q26r5', 'Message text for 10', '2025-02-09 06:13:06', 5),
(11, 'Message content 11', 'v205v', '06ora', 'Message text for 11', '2025-02-18 06:13:06', 6),
(12, 'Message content 12', 'x2oor', '69j9t', 'Message text for 12', '2024-09-08 06:13:06', 6),
(13, 'Message content 13', 'j5iyi', '853km', 'Message text for 13', '2024-05-19 06:13:06', 7),
(14, 'Message content 14', 'qehmh', '9ijgl', 'Message text for 14', '2025-04-12 06:13:06', 7),
(15, 'Message content 15', 'vzwov', 'j5bol', 'Message text for 15', '2025-03-22 06:13:06', 8),
(16, 'Message content 16', 'scphz', 'y97s0', 'Message text for 16', '2024-05-08 06:13:06', 8),
(17, 'Message content 17', 'g5zai', 'lwt2h', 'Message text for 17', '2024-11-23 06:13:06', 9),
(18, 'Message content 18', 'd1t7s', 'rs7qa', 'Message text for 18', '2024-06-08 06:13:06', 9),
(19, 'Message content 19', 'in7km', '9zqwy', 'Message text for 19', '2025-03-22 06:13:06', 10),
(20, 'Message content 20', '81i08', 'ikntv', 'Message text for 20', '2024-08-17 06:13:06', 10),
(21, 'Message content 21', 'bji4m', 'bhjba', 'Message text for 21', '2025-04-01 06:13:06', 11),
(22, 'Message content 22', 'wgi9x', 'jxyjn', 'Message text for 22', '2024-09-15 06:13:06', 11),
(23, 'Message content 23', 'ehxao', 'gfjzo', 'Message text for 23', '2025-03-31 06:13:06', 12),
(24, 'Message content 24', 's4f0d', '0p1kr', 'Message text for 24', '2024-08-08 06:13:06', 12),
(25, 'Message content 25', 'g8eom', 'xzabu', 'Message text for 25', '2024-04-25 06:13:06', 13),
(26, 'Message content 26', 'qew7f', 'a5jfl', 'Message text for 26', '2024-07-08 06:13:06', 13),
(27, 'Message content 27', 'my6qn', 'k7ucf', 'Message text for 27', '2025-04-08 06:13:06', 14),
(28, 'Message content 28', '05t8e', 'm1vav', 'Message text for 28', '2025-03-08 06:13:06', 14),
(29, 'Message content 29', '9w8jz', 'qc76k', 'Message text for 29', '2024-06-16 06:13:06', 15),
(30, 'Message content 30', '49mrv', 'bi5v0', 'Message text for 30', '2024-11-09 06:13:06', 15),
(31, 'Message content 31', '08sfn', 'orfce', 'Message text for 31', '2025-01-17 06:13:06', 16),
(32, 'Message content 32', 'lmpl0', 'xy7yi', 'Message text for 32', '2024-12-13 06:13:06', 16),
(33, 'Message content 33', 'fk84w', 'txgrx', 'Message text for 33', '2024-08-25 06:13:06', 17),
(34, 'Message content 34', '7f3ri', 'r3nas', 'Message text for 34', '2024-11-19 06:13:06', 17),
(35, 'Message content 35', 'q99ei', 'gjp0k', 'Message text for 35', '2025-01-23 06:13:06', 18),
(36, 'Message content 36', 'xkvh3', '8ty1p', 'Message text for 36', '2024-05-29 06:13:06', 18),
(37, 'Message content 37', 'i51rx', 'mjrp4', 'Message text for 37', '2024-06-16 06:13:06', 19),
(38, 'Message content 38', 'zftek', 'jmpsh', 'Message text for 38', '2024-06-19 06:13:06', 19),
(39, 'Message content 39', '3i6pb', '8ykzg', 'Message text for 39', '2024-06-07 06:13:06', 20),
(40, 'Message content 40', 'cviz3', '18vrj', 'Message text for 40', '2024-10-08 06:13:06', 20),
(41, 'Message content 41', '0a0hs', '4beia', 'Message text for 41', '2025-04-21 06:13:06', 21),
(42, 'Message content 42', 'u1rq3', 'wv8k4', 'Message text for 42', '2024-11-26 06:13:06', 21),
(43, 'Message content 43', 'm3s5q', 'j0n80', 'Message text for 43', '2025-04-07 06:13:06', 22),
(44, 'Message content 44', 'kykbz', '7dl6b', 'Message text for 44', '2025-03-10 06:13:06', 22),
(45, 'Message content 45', '1ewz1', '7taj3', 'Message text for 45', '2024-05-03 06:13:06', 23),
(46, 'Message content 46', 'dgrqn', 'bwdna', 'Message text for 46', '2025-03-02 06:13:06', 23),
(47, 'Message content 47', 'lxqpx', 'i7h1n', 'Message text for 47', '2024-08-28 06:13:06', 24),
(48, 'Message content 48', 'er1u5', '3as47', 'Message text for 48', '2024-07-30 06:13:06', 24),
(49, 'Message content 49', 'c895o', 'xa25x', 'Message text for 49', '2025-01-13 06:13:06', 25),
(50, 'Message content 50', 'oyuxp', '21ekh', 'Message text for 50', '2024-11-09 06:13:06', 25),
(51, 'Message content 51', 'cvzuw', 'oiy0t', 'Message text for 51', '2024-10-07 06:13:06', 26),
(52, 'Message content 52', 'b6teq', 'v5nz9', 'Message text for 52', '2024-05-23 06:13:06', 26),
(53, 'Message content 53', 'w3nu7', 'l2z2u', 'Message text for 53', '2025-04-23 06:13:06', 27),
(54, 'Message content 54', 'crm63', 'gq3yl', 'Message text for 54', '2024-11-20 06:13:06', 27),
(55, 'Message content 55', '6g3dg', 'w9bis', 'Message text for 55', '2024-08-21 06:13:06', 28),
(56, 'Message content 56', 'saogb', 'ciwun', 'Message text for 56', '2024-05-06 06:13:06', 28),
(57, 'Message content 57', '6f34e', 'ki547', 'Message text for 57', '2024-05-03 06:13:06', 29),
(58, 'Message content 58', '9ex8i', 'ht41y', 'Message text for 58', '2024-05-29 06:13:06', 29),
(59, 'Message content 59', 'ygk3p', 'pbi9p', 'Message text for 59', '2025-02-11 06:13:06', 30),
(60, 'Message content 60', 'kzdqc', 'fxkwt', 'Message text for 60', '2024-08-09 06:13:06', 30),
(61, 'Message content 61', 'yi3pv', 'uagcr', 'Message text for 61', '2024-10-04 06:13:06', 31),
(62, 'Message content 62', 'kmv9u', 'ihjj8', 'Message text for 62', '2025-01-26 06:13:06', 31),
(63, 'Message content 63', 'z06t0', 'p7i7d', 'Message text for 63', '2025-03-16 06:13:06', 32),
(64, 'Message content 64', 'czglf', '31mwv', 'Message text for 64', '2024-12-29 06:13:06', 32),
(65, 'Message content 65', 'bv1t3', 'kmrfn', 'Message text for 65', '2024-05-07 06:13:06', 33),
(66, 'Message content 66', '3t27o', 'f5qm9', 'Message text for 66', '2024-06-22 06:13:06', 33),
(67, 'Message content 67', '3ahdt', 'j41x6', 'Message text for 67', '2025-02-20 06:13:06', 34),
(68, 'Message content 68', 'm8gdn', 'hyl4y', 'Message text for 68', '2025-02-11 06:13:06', 34),
(69, 'Message content 69', 'g9i2h', '8h1bv', 'Message text for 69', '2024-10-16 06:13:06', 35),
(70, 'Message content 70', '2z336', 'bkkr2', 'Message text for 70', '2025-02-08 06:13:06', 35),
(71, 'Message content 71', 'wech9', 'qb8hn', 'Message text for 71', '2024-05-06 06:13:06', 36),
(72, 'Message content 72', '17332', 'fi6mu', 'Message text for 72', '2025-02-27 06:13:06', 36),
(73, 'Message content 73', '6enbm', '1319b', 'Message text for 73', '2025-02-24 06:13:06', 37),
(74, 'Message content 74', '1xibj', '8rb2f', 'Message text for 74', '2025-03-12 06:13:06', 37),
(75, 'Message content 75', '6n8ep', '3vcj0', 'Message text for 75', '2024-12-27 06:13:06', 38),
(76, 'Message content 76', 'pe711', 'mcd6m', 'Message text for 76', '2024-08-23 06:13:06', 38),
(77, 'Message content 77', '0w76j', 'hmiop', 'Message text for 77', '2024-07-06 06:13:06', 39),
(78, 'Message content 78', 'ifl4r', 'ry9w7', 'Message text for 78', '2024-04-25 06:13:06', 39),
(79, 'Message content 79', 'ejs46', 'kzpho', 'Message text for 79', '2025-03-22 06:13:06', 40),
(80, 'Message content 80', '1t5bk', 'oi71d', 'Message text for 80', '2024-09-27 06:13:06', 40),
(81, 'Message content 81', 'bby93', 'nl47n', 'Message text for 81', '2024-05-01 06:13:06', 41),
(82, 'Message content 82', 'p345z', 'jv43l', 'Message text for 82', '2024-11-04 06:13:06', 41),
(83, 'Message content 83', '33m1y', 'j3aut', 'Message text for 83', '2024-11-05 06:13:06', 42),
(84, 'Message content 84', '7ul8k', 'ie3z0', 'Message text for 84', '2025-04-07 06:13:06', 42),
(85, 'Message content 85', 'k196q', 'gkymy', 'Message text for 85', '2024-08-05 06:13:06', 43),
(86, 'Message content 86', 'z4x4j', '1mhdh', 'Message text for 86', '2025-03-15 06:13:06', 43),
(87, 'Message content 87', 'runbl', 'kb6vh', 'Message text for 87', '2024-07-11 06:13:06', 44),
(88, 'Message content 88', 'tllmy', 'mu5w7', 'Message text for 88', '2024-08-26 06:13:06', 44),
(89, 'Message content 89', '4w7ei', '870d1', 'Message text for 89', '2024-04-25 06:13:06', 45),
(90, 'Message content 90', 'gr1rb', '1wmux', 'Message text for 90', '2024-09-04 06:13:06', 45),
(91, 'Message content 91', 'hl4i6', 'rvhp0', 'Message text for 91', '2025-02-16 06:13:06', 46),
(92, 'Message content 92', '7awer', '86hd0', 'Message text for 92', '2024-10-17 06:13:06', 46),
(93, 'Message content 93', 'nlgim', 'svllq', 'Message text for 93', '2025-04-22 06:13:06', 47),
(94, 'Message content 94', 'wmg6k', '34vk7', 'Message text for 94', '2024-07-14 06:13:06', 47),
(95, 'Message content 95', 'vdec5', 'edihg', 'Message text for 95', '2025-03-20 06:13:06', 48),
(96, 'Message content 96', '64kyt', 'dh6a1', 'Message text for 96', '2024-12-13 06:13:06', 48),
(97, 'Message content 97', 'wb26w', 'e8xw8', 'Message text for 97', '2024-08-26 06:13:06', 49),
(98, 'Message content 98', 'tkuti', 'prz8a', 'Message text for 98', '2024-12-06 06:13:06', 49),
(99, 'Message content 99', 'zsqh8', 'caiu1', 'Message text for 99', '2025-03-26 06:13:06', 50),
(100, 'Message content 100', 'jquij', 'ud2if', 'Message text for 100', '2025-01-12 06:13:06', 50);